{"cameraMode":{"drawMode":0,"name":"Shaded","section":"Shading Mode"},"sceneLighting":false,"audioPlay":false,"sceneViewState":{"showFog":true,"showMaterialUpdate":false,"showSkybox":false,"showFlares":true,"showImageEffects":true,"showParticleSystems":true},"in2DMode":false,"pivot":{"x":-0.43166470527648928,"y":7.0508198738098148,"z":-12.035030364990235},"rotation":{"x":0.2085159868001938,"y":0.0480804480612278,"z":-0.010248763486742974,"w":0.9768083095550537},"size":0.8439069390296936,"orthographic":false}