{"cameraMode":{"drawMode":0,"name":"Shaded","section":"Shading Mode"},"sceneLighting":false,"audioPlay":false,"sceneViewState":{"showFog":true,"showMaterialUpdate":false,"showSkybox":false,"showFlares":true,"showImageEffects":true,"showParticleSystems":true},"in2DMode":false,"pivot":{"x":0.3671746253967285,"y":5.838293075561523,"z":-16.982877731323243},"rotation":{"x":0.25935763120651247,"y":-0.031268663704395297,"z":0.008405049331486225,"w":0.9652296900749207},"size":3.0868477821350099,"orthographic":false}