{"cameraMode":{"drawMode":0,"name":"Shaded","section":"Shading Mode"},"sceneLighting":false,"audioPlay":false,"sceneViewState":{"showFog":true,"showMaterialUpdate":false,"showSkybox":false,"showFlares":true,"showImageEffects":true,"showParticleSystems":true},"in2DMode":false,"pivot":{"x":-10.167702674865723,"y":-12.734251976013184,"z":29.852657318115236},"rotation":{"x":-0.1651705950498581,"y":0.1534658521413803,"z":-0.02603197656571865,"w":-0.9738926887512207},"size":30.320802688598634,"orthographic":false}