{"cameraMode":{"drawMode":0,"name":"Shaded","section":"Shading Mode"},"sceneLighting":false,"audioPlay":false,"sceneViewState":{"showFog":true,"showMaterialUpdate":false,"showSkybox":false,"showFlares":true,"showImageEffects":true,"showParticleSystems":true},"in2DMode":false,"pivot":{"x":-1.084592580795288,"y":-0.3179158568382263,"z":2.661989212036133},"rotation":{"x":-0.09614214301109314,"y":0.020316563546657563,"z":-0.0019807452335953714,"w":-0.9951819777488709},"size":3.4493932723999025,"orthographic":false}