{"cameraMode":{"drawMode":0,"name":"Shaded","section":"Shading Mode"},"sceneLighting":false,"audioPlay":false,"sceneViewState":{"showFog":true,"showMaterialUpdate":false,"showSkybox":false,"showFlares":true,"showImageEffects":true,"showParticleSystems":true},"in2DMode":false,"pivot":{"x":14.087410926818848,"y":5.706927299499512,"z":-18.509822845458986},"rotation":{"x":0.21307027339935304,"y":-0.38621747493743899,"z":0.09223338961601258,"w":0.8927346467971802},"size":4.86300802230835,"orthographic":false}