{"cameraMode":{"drawMode":0,"name":"Shaded","section":"Shading Mode"},"sceneLighting":false,"audioPlay":false,"sceneViewState":{"showFog":true,"showMaterialUpdate":false,"showSkybox":false,"showFlares":true,"showImageEffects":true,"showParticleSystems":true},"in2DMode":false,"pivot":{"x":-2.0112648010253908,"y":6.0722270011901859,"z":-9.704450607299805},"rotation":{"x":0.20683681964874268,"y":0.132773756980896,"z":-0.02832803688943386,"w":0.9689361453056336},"size":0.8439069390296936,"orthographic":false}