{"cameraMode":{"drawMode":0,"name":"Shaded","section":"Shading Mode"},"sceneLighting":false,"audioPlay":false,"sceneViewState":{"showFog":true,"showMaterialUpdate":false,"showSkybox":false,"showFlares":true,"showImageEffects":true,"showParticleSystems":true},"in2DMode":false,"pivot":{"x":-1.0111351013183594,"y":-3.1443965435028078,"z":-6.785325050354004},"rotation":{"x":-0.19919127225875855,"y":0.04231180623173714,"z":-0.008586008101701737,"w":-0.9790249466896057},"size":8.032971382141114,"orthographic":false}