{"cameraMode":{"drawMode":0,"name":"Shaded","section":"Shading Mode"},"sceneLighting":true,"audioPlay":false,"sceneViewState":{"showFog":true,"showMaterialUpdate":false,"showSkybox":true,"showFlares":true,"showImageEffects":true,"showParticleSystems":true},"in2DMode":false,"pivot":{"x":-1.2240967750549317,"y":0.11829248815774918,"z":-0.19262614846229554},"rotation":{"x":-0.03532612323760986,"y":0.7239788174629211,"z":-0.037182047963142398,"w":-0.6879459023475647},"size":1.2069896459579468,"orthographic":false}