{"cameraMode":{"drawMode":0,"name":"Shaded","section":"Shading Mode"},"sceneLighting":false,"audioPlay":false,"sceneViewState":{"showFog":true,"showMaterialUpdate":false,"showSkybox":false,"showFlares":true,"showImageEffects":true,"showParticleSystems":true},"in2DMode":false,"pivot":{"x":5.730928897857666,"y":-10.641757011413575,"z":-21.84427833557129},"rotation":{"x":-0.03201200067996979,"y":-0.9439554810523987,"z":0.3141951262950897,"w":-0.09634311497211456},"size":30.918766021728517,"orthographic":false}