{"cameraMode":{"drawMode":0,"name":"Shaded","section":"Shading Mode"},"sceneLighting":false,"audioPlay":false,"sceneViewState":{"showFog":true,"showMaterialUpdate":false,"showSkybox":false,"showFlares":true,"showImageEffects":true,"showParticleSystems":true},"in2DMode":false,"pivot":{"x":-1.1404635906219483,"y":-24.54910659790039,"z":26.013933181762697},"rotation":{"x":0.3109623193740845,"y":-0.010250660590827465,"z":0.003334710607305169,"w":0.9503764510154724},"size":28.492231369018556,"orthographic":false}