{"cameraMode":{"drawMode":0,"name":"Shaded","section":"Shading Mode"},"sceneLighting":false,"audioPlay":false,"sceneViewState":{"showFog":true,"showMaterialUpdate":false,"showSkybox":false,"showFlares":true,"showImageEffects":true,"showParticleSystems":true},"in2DMode":false,"pivot":{"x":1.0267616510391236,"y":1.2048194408416749,"z":-1.1392134428024293},"rotation":{"x":0.05549057945609093,"y":-0.24748671054840089,"z":0.014198994264006615,"w":0.9672001600265503},"size":1.2069896459579468,"orthographic":false}